2022-08-11, 11:38:20, 890000000, 891250000, 78125.00, 1024, -25.98, -25.92, -25.50, -24.96, -25.54, -26.08, -25.78, -25.94, -24.84, -24.84, -25.33, -25.49, -25.64, -25.53, -25.24, -24.99, -24.99
2022-08-11, 11:38:20, 891250000, 892500000, 78125.00, 1024, -24.95, -25.73, -25.86, -25.74, -25.12, -24.33, -25.11, -24.78, -24.50, -24.50, -24.80, -24.47, -25.61, -25.71, -25.62, -25.51, -25.51
2022-08-11, 11:38:20, 892500000, 893750000, 78125.00, 1024, -25.19, -24.49, -25.49, -25.01, -16.94, -24.79, -24.70, -24.07, -25.00, -25.00, -25.44, -25.48, -25.17, -24.72, -25.76, -25.83, -25.83
2022-08-11, 11:38:20, 893750000, 895000000, 78125.00, 1024, -25.17, -25.08, -24.66, -24.70, -25.28, -25.12, -25.20, -25.45, -24.42, -24.42, -25.27, -24.98, -25.25, -25.58, -24.56, -24.59, -24.59
2022-08-11, 11:38:20, 895000000, 896250000, 78125.00, 1024, -25.06, -25.04, -25.42, -25.16, -24.23, -24.27, -24.30, -24.91, -24.50, -24.50, -23.61, -24.27, -25.33, -24.91, -25.18, -25.20, -25.20
2022-08-11, 11:38:20, 896250000, 897500000, 78125.00, 1024, -23.81, -24.32, -24.66, -24.85, -24.67, -24.60, -23.58, -24.25, -24.52, -24.52, -24.89, -24.99, -23.62, -25.06, -25.12, -24.88, -24.88
2022-08-11, 11:38:20, 897500000, 898750000, 78125.00, 1024, -25.04, -24.46, -23.54, -24.64, -24.58, -25.02, -24.56, -24.53, -24.41, -24.41, -24.68, -24.91, -24.90, -25.09, -23.86, -25.00, -25.00
2022-08-11, 11:38:20, 898750000, 900000000, 78125.00, 1024, -24.99, -25.52, -25.28, -25.04, -24.11, -25.15, -24.51, -24.69, -24.21, -24.21, -23.57, -25.10, -25.22, -25.07, -25.17, -24.04, -24.04
2022-08-11, 11:38:22, 890000000, 891250000, 78125.00, 768, -26.55, -26.41, -25.87, -25.44, -25.75, -26.29, -25.99, -26.09, -24.90, -24.90, -25.64, -26.19, -26.75, -26.57, -25.22, -24.44, -24.44
2022-08-11, 11:38:22, 891250000, 892500000, 78125.00, 768, -25.16, -26.39, -26.67, -26.28, -25.44, -24.93, -25.50, -25.31, -24.61, -24.61, -24.53, -25.01, -25.44, -25.90, -26.29, -25.78, -25.78
2022-08-11, 11:38:22, 892500000, 893750000, 78125.00, 768, -25.66, -25.07, -25.75, -24.97, -17.08, -25.16, -25.05, -24.60, -25.58, -25.58, -26.36, -25.82, -25.43, -25.12, -26.09, -25.91, -25.91
2022-08-11, 11:38:22, 893750000, 895000000, 78125.00, 768, -25.72, -25.47, -24.83, -24.73, -25.77, -25.75, -25.33, -25.45, -24.39, -24.39, -25.37, -25.39, -25.94, -25.66, -24.36, -24.83, -24.83
2022-08-11, 11:38:22, 895000000, 896250000, 78125.00, 768, -25.46, -25.53, -25.68, -25.63, -24.98, -23.99, -24.89, -24.68, -24.72, -24.72, -23.71, -24.68, -25.51, -25.24, -25.51, -25.06, -25.06
2022-08-11, 11:38:22, 896250000, 897500000, 78125.00, 768, -23.93, -25.15, -25.21, -25.17, -25.43, -25.26, -23.65, -24.44, -24.76, -24.76, -25.41, -25.15, -23.67, -25.00, -25.33, -25.71, -25.71
2022-08-11, 11:38:22, 897500000, 898750000, 78125.00, 768, -25.34, -25.54, -23.90, -24.86, -24.87, -24.77, -24.82, -25.05, -24.34, -24.34, -24.80, -25.08, -24.90, -25.02, -24.30, -25.62, -25.62
2022-08-11, 11:38:22, 898750000, 900000000, 78125.00, 768, -25.44, -24.90, -25.42, -25.18, -23.89, -25.01, -24.81, -24.48, -25.00, -25.00, -24.15, -25.05, -25.49, -25.19, -24.75, -24.39, -24.39
2022-08-11, 11:38:24, 890000000, 891250000, 78125.00, 1024, -26.69, -26.55, -26.14, -25.68, -26.22, -26.39, -26.33, -25.92, -23.66, -23.66, -24.24, -26.16, -26.06, -26.54, -25.45, -25.22, -25.22
2022-08-11, 11:38:24, 891250000, 892500000, 78125.00, 1024, -25.71, -26.33, -26.17, -26.30, -25.78, -24.85, -25.38, -24.97, -25.14, -25.14, -25.06, -24.90, -25.83, -26.27, -26.01, -26.21, -26.21
2022-08-11, 11:38:24, 892500000, 893750000, 78125.00, 1024, -25.39, -25.23, -26.17, -25.18, -17.24, -25.17, -24.93, -24.64, -25.86, -25.86, -25.71, -25.60, -25.48, -24.89, -25.78, -26.09, -26.09
2022-08-11, 11:38:24, 893750000, 895000000, 78125.00, 1024, -25.95, -25.85, -25.05, -24.80, -25.77, -25.48, -25.66, -25.36, -24.55, -24.55, -25.35, -25.78, -25.96, -25.37, -24.96, -24.96, -24.96
2022-08-11, 11:38:24, 895000000, 896250000, 78125.00, 1024, -25.43, -25.80, -25.72, -25.73, -24.94, -24.59, -25.53, -25.05, -24.67, -24.67, -24.14, -24.45, -25.45, -25.91, -25.77, -25.45, -25.45
2022-08-11, 11:38:24, 896250000, 897500000, 78125.00, 1024, -24.39, -24.81, -25.40, -25.24, -25.32, -25.05, -23.67, -24.33, -25.15, -25.15, -24.62, -24.43, -23.64, -25.38, -25.60, -25.59, -25.59
2022-08-11, 11:38:24, 897500000, 898750000, 78125.00, 1024, -25.54, -25.33, -24.05, -25.34, -25.51, -25.40, -25.06, -24.81, -24.55, -24.55, -24.47, -24.93, -25.13, -25.68, -24.34, -25.19, -25.19
2022-08-11, 11:38:24, 898750000, 900000000, 78125.00, 1024, -25.38, -25.28, -25.32, -26.27, -24.51, -25.58, -25.32, -24.99, -25.31, -25.31, -24.28, -24.85, -25.70, -25.62, -25.30, -24.61, -24.61
2022-08-11, 11:38:26, 890000000, 891250000, 78125.00, 1024, -26.71, -26.52, -26.07, -25.50, -26.11, -26.49, -26.30, -26.16, -22.30, -22.30, -23.67, -26.03, -26.88, -26.53, -26.01, -25.44, -25.44
2022-08-11, 11:38:26, 891250000, 892500000, 78125.00, 1024, -25.57, -26.09, -26.19, -26.63, -25.35, -24.96, -25.02, -25.49, -24.50, -24.50, -25.01, -25.01, -25.94, -26.63, -26.26, -26.20, -26.20
2022-08-11, 11:38:26, 892500000, 893750000, 78125.00, 1024, -25.72, -25.54, -26.10, -25.54, -17.48, -25.59, -25.24, -24.85, -25.67, -25.67, -25.92, -25.74, -25.72, -25.20, -26.32, -26.01, -26.01
2022-08-11, 11:38:26, 893750000, 895000000, 78125.00, 1024, -25.79, -25.71, -25.53, -25.20, -26.31, -25.84, -25.77, -25.06, -24.71, -24.71, -25.53, -25.71, -25.64, -25.92, -25.21, -25.10, -25.10
2022-08-11, 11:38:26, 895000000, 896250000, 78125.00, 1024, -25.67, -25.74, -25.86, -25.42, -24.55, -24.98, -25.22, -25.16, -24.81, -24.81, -24.29, -24.53, -25.21, -25.84, -25.95, -25.53, -25.53
2022-08-11, 11:38:26, 896250000, 897500000, 78125.00, 1024, -24.38, -24.72, -25.47, -25.83, -25.49, -25.10, -23.71, -24.74, -24.95, -24.95, -25.31, -25.48, -24.13, -25.69, -25.26, -25.58, -25.58
2022-08-11, 11:38:26, 897500000, 898750000, 78125.00, 1024, -25.73, -25.68, -24.33, -25.62, -25.23, -25.65, -25.25, -24.91, -24.76, -24.76, -25.44, -25.47, -25.32, -25.47, -24.26, -25.40, -25.40
2022-08-11, 11:38:26, 898750000, 900000000, 78125.00, 1024, -25.62, -25.28, -25.79, -25.79, -24.48, -25.19, -25.12, -25.15, -25.19, -25.19, -24.30, -25.48, -25.66, -25.98, -25.55, -24.70, -24.70
2022-08-11, 11:38:28, 890000000, 891250000, 78125.00, 768, -26.61, -26.67, -26.28, -25.64, -26.41, -26.15, -26.51, -26.27, -24.88, -24.88, -25.84, -26.59, -26.45, -26.31, -22.58, -22.37, -22.37
2022-08-11, 11:38:28, 891250000, 892500000, 78125.00, 768, -23.94, -26.32, -26.61, -26.52, -25.49, -25.12, -25.45, -25.43, -25.23, -25.23, -25.15, -24.83, -26.07, -25.40, -25.99, -25.88, -25.88
2022-08-11, 11:38:28, 892500000, 893750000, 78125.00, 768, -26.07, -25.41, -26.29, -25.56, -17.73, -25.51, -25.16, -25.14, -25.99, -25.99, -25.60, -25.92, -25.58, -25.29, -25.85, -25.79, -25.79
2022-08-11, 11:38:28, 893750000, 895000000, 78125.00, 768, -25.90, -26.20, -25.63, -24.87, -26.31, -26.25, -26.07, -25.50, -24.85, -24.85, -25.86, -25.61, -25.95, -25.80, -24.81, -25.13, -25.13
2022-08-11, 11:38:28, 895000000, 896250000, 78125.00, 768, -26.10, -26.07, -26.11, -25.48, -24.68, -24.77, -25.06, -24.76, -25.06, -25.06, -24.35, -24.80, -25.56, -25.43, -25.29, -25.67, -25.67
2022-08-11, 11:38:28, 896250000, 897500000, 78125.00, 768, -24.14, -25.54, -25.53, -26.17, -25.28, -25.22, -23.83, -25.31, -25.72, -25.72, -25.17, -25.70, -24.01, -25.51, -25.94, -25.72, -25.72
2022-08-11, 11:38:28, 897500000, 898750000, 78125.00, 768, -25.64, -25.44, -24.14, -25.41, -25.10, -25.27, -25.09, -25.38, -24.97, -24.97, -25.14, -25.63, -26.07, -25.86, -24.52, -25.65, -25.65
2022-08-11, 11:38:28, 898750000, 900000000, 78125.00, 768, -25.52, -25.62, -25.27, -25.57, -24.37, -25.36, -25.37, -25.19, -25.15, -25.15, -24.25, -25.52, -25.07, -26.10, -25.62, -24.73, -24.73
2022-08-11, 11:38:30, 890000000, 891250000, 78125.00, 1024, -26.74, -26.53, -26.15, -25.52, -25.66, -25.94, -26.63, -26.32, -25.25, -25.25, -26.23, -26.53, -26.73, -26.28, -23.06, -22.94, -22.94
2022-08-11, 11:38:30, 891250000, 892500000, 78125.00, 1024, -25.18, -25.86, -25.96, -26.54, -25.54, -25.04, -25.57, -25.43, -24.63, -24.63, -25.10, -25.12, -25.93, -26.13, -26.50, -26.69, -26.69
2022-08-11, 11:38:30, 892500000, 893750000, 78125.00, 1024, -26.04, -25.36, -26.21, -25.49, -17.92, -25.44, -25.09, -24.66, -25.67, -25.67, -26.01, -26.03, -25.96, -25.11, -26.41, -26.20, -26.20
2022-08-11, 11:38:30, 893750000, 895000000, 78125.00, 1024, -26.18, -25.70, -25.56, -24.85, -25.92, -26.08, -25.99, -25.54, -25.05, -25.05, -25.74, -26.07, -26.18, -25.81, -25.04, -25.22, -25.22
2022-08-11, 11:38:30, 895000000, 896250000, 78125.00, 1024, -25.95, -25.70, -26.19, -25.79, -24.75, -24.97, -25.25, -25.23, -25.32, -25.32, -24.53, -24.90, -25.75, -25.67, -25.86, -25.72, -25.72
2022-08-11, 11:38:30, 896250000, 897500000, 78125.00, 1024, -24.68, -24.92, -25.43, -25.81, -25.95, -25.62, -24.03, -24.84, -25.65, -25.65, -25.31, -25.34, -24.33, -25.36, -25.99, -26.05, -26.05
2022-08-11, 11:38:30, 897500000, 898750000, 78125.00, 1024, -25.50, -25.77, -24.49, -25.27, -25.57, -25.28, -25.01, -25.00, -24.73, -24.73, -25.43, -25.35, -25.91, -25.76, -24.36, -25.54, -25.54
2022-08-11, 11:38:30, 898750000, 900000000, 78125.00, 1024, -25.17, -25.08, -25.96, -25.49, -24.30, -25.58, -25.33, -24.86, -25.28, -25.28, -24.33, -25.56, -25.56, -25.46, -25.45, -24.82, -24.82
2022-08-11, 11:38:32, 890000000, 891250000, 78125.00, 1024, -26.71, -26.77, -26.32, -25.43, -25.58, -26.18, -26.87, -26.28, -24.98, -24.98, -25.86, -26.54, -26.84, -25.90, -23.70, -22.69, -22.69
2022-08-11, 11:38:32, 891250000, 892500000, 78125.00, 1024, -25.39, -26.19, -26.31, -25.81, -25.50, -24.80, -25.15, -24.39, -17.60, -17.60, -19.54, -24.02, -25.24, -25.97, -26.60, -25.90, -25.90
2022-08-11, 11:38:32, 892500000, 893750000, 78125.00, 1024, -25.89, -25.30, -24.41, -21.77, -17.64, -25.03, -24.98, -24.62, -25.29, -25.29, -25.75, -26.12, -25.40, -25.22, -26.15, -26.17, -26.17
2022-08-11, 11:38:32, 893750000, 895000000, 78125.00, 1024, -26.20, -26.18, -25.46, -25.11, -25.95, -25.75, -25.81, -25.62, -24.93, -24.93, -25.95, -25.76, -25.91, -25.95, -25.10, -25.42, -25.42
2022-08-11, 11:38:32, 895000000, 896250000, 78125.00, 1024, -25.82, -25.68, -25.75, -25.91, -24.98, -24.91, -25.83, -25.58, -24.91, -24.91, -24.36, -24.68, -25.72, -25.78, -25.62, -25.49, -25.49
2022-08-11, 11:38:32, 896250000, 897500000, 78125.00, 1024, -24.37, -25.20, -25.64, -26.12, -25.96, -25.49, -24.35, -24.92, -24.93, -24.93, -25.27, -25.77, -24.53, -25.54, -25.70, -25.84, -25.84
2022-08-11, 11:38:32, 897500000, 898750000, 78125.00, 1024, -25.75, -25.49, -24.34, -25.52, -25.47, -25.71, -25.83, -25.20, -24.64, -24.64, -24.66, -25.22, -25.40, -25.40, -24.49, -25.71, -25.71
2022-08-11, 11:38:32, 898750000, 900000000, 78125.00, 1024, -24.56, -25.51, -25.90, -25.76, -24.53, -25.79, -25.41, -25.50, -24.92, -24.92, -24.33, -25.33, -25.51, -25.18, -23.70, -19.59, -19.59
2022-08-11, 11:38:34, 890000000, 891250000, 78125.00, 768, -26.46, -26.38, -26.10, -25.41, -25.90, -26.26, -25.83, -26.01, -24.40, -24.40, -25.08, -25.63, -26.19, -26.30, -25.81, -25.66, -25.66
2022-08-11, 11:38:34, 891250000, 892500000, 78125.00, 768, -26.02, -26.25, -26.36, -26.06, -25.88, -25.16, -25.83, -25.74, -25.54, -25.54, -25.57, -25.43, -26.08, -25.94, -26.23, -26.40, -26.40
2022-08-11, 11:38:34, 892500000, 893750000, 78125.00, 768, -26.26, -25.55, -25.76, -25.98, -17.88, -25.73, -25.45, -25.07, -25.09, -25.09, -26.12, -26.00, -25.77, -25.49, -26.13, -26.47, -26.47
2022-08-11, 11:38:34, 893750000, 895000000, 78125.00, 768, -25.45, -26.02, -25.44, -25.04, -26.11, -25.71, -25.87, -25.46, -24.59, -24.59, -25.45, -26.46, -25.73, -25.96, -24.81, -25.16, -25.16
2022-08-11, 11:38:34, 895000000, 896250000, 78125.00, 768, -25.75, -25.87, -26.05, -26.24, -25.37, -25.09, -25.84, -25.14, -25.10, -25.10, -24.65, -24.78, -25.85, -25.96, -25.84, -25.51, -25.51
2022-08-11, 11:38:34, 896250000, 897500000, 78125.00, 768, -24.31, -25.45, -25.65, -25.72, -25.61, -25.60, -23.79, -25.15, -25.48, -25.48, -25.08, -25.22, -24.07, -25.33, -26.14, -25.89, -25.89
2022-08-11, 11:38:34, 897500000, 898750000, 78125.00, 768, -25.70, -25.69, -24.61, -25.69, -25.46, -25.67, -24.72, -24.82, -25.19, -25.19, -25.20, -25.87, -25.78, -26.08, -24.19, -25.35, -25.35
2022-08-11, 11:38:34, 898750000, 900000000, 78125.00, 768, -25.26, -25.75, -25.83, -25.70, -24.43, -25.48, -25.57, -25.10, -25.22, -25.22, -24.48, -25.93, -25.92, -25.23, -26.00, -25.01, -25.01
2022-08-11, 11:38:36, 890000000, 891250000, 78125.00, 1024, -26.73, -26.50, -26.19, -25.59, -25.98, -26.46, -26.57, -26.22, -25.55, -25.55, -26.22, -26.26, -26.34, -25.44, -26.14, -26.14, -26.14
2022-08-11, 11:38:36, 891250000, 892500000, 78125.00, 1024, -26.37, -26.66, -26.68, -26.51, -26.05, -25.17, -25.52, -25.37, -24.08, -24.08, -25.07, -25.47, -26.32, -26.33, -26.82, -26.29, -26.29
2022-08-11, 11:38:36, 892500000, 893750000, 78125.00, 1024, -25.96, -25.46, -26.49, -25.69, -17.88, -25.84, -25.39, -24.98, -25.78, -25.78, -26.13, -26.05, -25.66, -25.64, -26.31, -26.53, -26.53
2022-08-11, 11:38:36, 893750000, 895000000, 78125.00, 1024, -26.08, -25.80, -25.46, -25.35, -25.78, -25.68, -25.85, -25.57, -24.88, -24.88, -25.56, -26.05, -26.05, -25.90, -24.93, -25.25, -25.25
2022-08-11, 11:38:36, 895000000, 896250000, 78125.00, 1024, -25.72, -25.93, -25.62, -26.00, -24.46, -24.99, -25.16, -25.01, -24.88, -24.88, -24.22, -24.94, -25.79, -25.89, -25.98, -25.63, -25.63
2022-08-11, 11:38:36, 896250000, 897500000, 78125.00, 1024, -24.42, -25.21, -25.70, -25.75, -25.28, -25.67, -23.80, -24.64, -25.27, -25.27, -25.54, -25.23, -24.10, -25.33, -25.91, -25.96, -25.96
2022-08-11, 11:38:36, 897500000, 898750000, 78125.00, 1024, -25.52, -25.88, -24.18, -25.57, -25.18, -25.75, -25.16, -25.00, -25.16, -25.16, -25.42, -25.59, -25.51, -25.55, -24.12, -25.95, -25.95
2022-08-11, 11:38:36, 898750000, 900000000, 78125.00, 1024, -25.88, -25.76, -25.64, -25.77, -24.71, -25.59, -25.52, -25.43, -25.36, -25.36, -24.15, -25.47, -25.57, -25.97, -25.89, -24.91, -24.91
2022-08-11, 11:38:38, 890000000, 891250000, 78125.00, 1024, -26.65, -26.34, -26.21, -25.58, -26.17, -26.71, -26.60, -26.47, -25.42, -25.42, -26.08, -26.74, -26.73, -26.94, -26.11, -25.92, -25.92
2022-08-11, 11:38:38, 891250000, 892500000, 78125.00, 1024, -25.88, -26.20, -26.40, -26.94, -26.05, -25.04, -25.31, -25.19, -25.99, -25.99, -25.76, -25.56, -26.31, -26.11, -26.32, -26.30, -26.30
2022-08-11, 11:38:38, 892500000, 893750000, 78125.00, 1024, -26.02, -25.59, -26.25, -25.80, -17.90, -25.72, -25.83, -25.09, -25.99, -25.99, -26.02, -26.22, -25.82, -25.58, -26.49, -26.51, -26.51
2022-08-11, 11:38:38, 893750000, 895000000, 78125.00, 1024, -25.91, -25.85, -25.51, -25.08, -26.00, -25.90, -25.61, -25.45, -24.83, -24.83, -25.62, -25.88, -26.16, -25.66, -25.04, -25.19, -25.19
2022-08-11, 11:38:38, 895000000, 896250000, 78125.00, 1024, -25.72, -25.91, -26.53, -26.11, -24.97, -25.06, -25.64, -25.14, -25.19, -25.19, -24.62, -24.82, -25.64, -26.04, -25.60, -25.36, -25.36
2022-08-11, 11:38:38, 896250000, 897500000, 78125.00, 1024, -24.54, -25.38, -25.63, -26.22, -25.92, -25.34, -24.32, -24.56, -25.84, -25.84, -25.55, -25.76, -24.07, -25.22, -25.98, -25.72, -25.72
2022-08-11, 11:38:38, 897500000, 898750000, 78125.00, 1024, -25.63, -25.73, -24.40, -25.55, -25.35, -25.64, -25.48, -25.31, -25.30, -25.30, -25.36, -25.15, -25.60, -25.34, -24.17, -25.64, -25.64
2022-08-11, 11:38:38, 898750000, 900000000, 78125.00, 1024, -25.53, -25.87, -25.89, -25.74, -24.56, -25.37, -25.38, -25.28, -25.42, -25.42, -24.21, -25.43, -25.61, -25.59, -25.47, -24.80, -24.80
2022-08-11, 11:38:40, 890000000, 891250000, 78125.00, 768, -26.85, -26.77, -26.10, -25.56, -26.53, -26.39, -26.63, -26.66, -24.78, -24.78, -25.41, -25.74, -26.47, -26.51, -25.88, -25.58, -25.58
2022-08-11, 11:38:40, 891250000, 892500000, 78125.00, 768, -25.74, -26.32, -26.36, -26.34, -26.04, -25.40, -25.80, -25.71, -25.97, -25.97, -25.26, -25.54, -26.41, -26.43, -26.73, -26.94, -26.94
2022-08-11, 11:38:40, 892500000, 893750000, 78125.00, 768, -25.81, -25.67, -26.06, -25.74, -18.02, -25.96, -25.17, -24.86, -25.89, -25.89, -25.78, -26.19, -25.58, -25.19, -26.24, -26.41, -26.41
2022-08-11, 11:38:40, 893750000, 895000000, 78125.00, 768, -26.43, -25.94, -25.43, -25.29, -25.92, -26.08, -25.64, -25.57, -25.10, -25.10, -25.70, -26.28, -25.91, -25.78, -24.93, -25.39, -25.39
2022-08-11, 11:38:40, 895000000, 896250000, 78125.00, 768, -26.08, -25.51, -25.87, -25.67, -25.24, -24.58, -25.47, -25.06, -24.93, -24.93, -24.25, -25.00, -25.87, -26.06, -26.29, -25.81, -25.81
2022-08-11, 11:38:40, 896250000, 897500000, 78125.00, 768, -24.21, -24.65, -25.57, -25.83, -25.27, -25.16, -24.46, -24.92, -25.62, -25.62, -25.56, -25.09, -24.21, -25.48, -25.74, -26.01, -26.01
2022-08-11, 11:38:40, 897500000, 898750000, 78125.00, 768, -25.45, -25.35, -24.11, -25.31, -25.50, -25.60, -25.18, -24.87, -24.98, -24.98, -25.28, -25.19, -25.59, -25.69, -24.06, -25.70, -25.70
2022-08-11, 11:38:40, 898750000, 900000000, 78125.00, 768, -25.84, -25.44, -25.96, -25.74, -24.54, -25.48, -25.47, -25.54, -24.71, -24.71, -24.43, -25.26, -25.44, -25.60, -25.58, -25.10, -25.10
2022-08-11, 11:38:42, 890000000, 891250000, 78125.00, 1024, -27.12, -26.78, -26.44, -25.74, -26.17, -26.63, -27.01, -26.49, -25.39, -25.39, -25.92, -26.72, -26.90, -26.98, -25.89, -25.76, -25.76
2022-08-11, 11:38:42, 891250000, 892500000, 78125.00, 1024, -25.93, -26.34, -26.46, -26.32, -25.50, -25.17, -25.24, -25.36, -24.13, -24.13, -24.83, -25.30, -26.15, -26.59, -26.40, -26.65, -26.65
2022-08-11, 11:38:42, 892500000, 893750000, 78125.00, 1024, -26.03, -25.50, -26.08, -25.51, -18.02, -25.67, -25.43, -24.91, -25.78, -25.78, -25.91, -25.97, -25.81, -25.23, -26.23, -26.39, -26.39
2022-08-11, 11:38:42, 893750000, 895000000, 78125.00, 1024, -25.94, -25.92, -25.51, -25.01, -26.27, -25.93, -25.98, -25.79, -24.87, -24.87, -25.41, -26.31, -26.38, -26.19, -25.25, -25.64, -25.64
2022-08-11, 11:38:42, 895000000, 896250000, 78125.00, 1024, -25.62, -25.85, -25.62, -25.92, -25.20, -24.99, -25.09, -25.38, -25.26, -25.26, -24.41, -25.07, -25.56, -25.93, -25.89, -25.41, -25.41
2022-08-11, 11:38:42, 896250000, 897500000, 78125.00, 1024, -24.52, -24.84, -25.29, -25.68, -25.41, -25.25, -24.04, -24.54, -24.96, -24.96, -25.08, -25.58, -24.22, -25.40, -25.53, -25.29, -25.29
2022-08-11, 11:38:42, 897500000, 898750000, 78125.00, 1024, -25.98, -25.82, -24.12, -25.59, -25.21, -25.20, -25.23, -24.72, -25.11, -25.11, -25.24, -25.68, -25.38, -26.00, -24.51, -25.97, -25.97
2022-08-11, 11:38:42, 898750000, 900000000, 78125.00, 1024, -25.39, -25.61, -25.80, -25.79, -24.67, -25.41, -25.22, -25.05, -24.97, -24.97, -24.10, -25.19, -25.52, -25.87, -25.31, -24.74, -24.74
2022-08-11, 11:38:44, 890000000, 891250000, 78125.00, 1024, -27.10, -26.62, -26.35, -25.54, -26.44, -26.74, -26.58, -26.60, -25.10, -25.10, -26.35, -26.60, -26.84, -26.77, -25.59, -24.88, -24.88
2022-08-11, 11:38:44, 891250000, 892500000, 78125.00, 1024, -24.71, -25.77, -26.03, -26.34, -25.13, -24.64, -25.42, -24.95, -21.36, -21.36, -21.82, -24.24, -25.45, -25.96, -25.96, -25.62, -25.62
2022-08-11, 11:38:44, 892500000, 893750000, 78125.00, 1024, -25.14, -23.22, -17.81, -11.78, -12.70, -21.30, -24.16, -24.17, -25.95, -25.95, -25.60, -25.46, -25.42, -25.34, -26.27, -26.23, -26.23
2022-08-11, 11:38:44, 893750000, 895000000, 78125.00, 1024, -26.45, -25.99, -25.29, -25.33, -25.88, -26.26, -26.21, -25.84, -24.72, -24.72, -25.61, -25.39, -26.35, -25.78, -25.39, -25.43, -25.43
2022-08-11, 11:38:44, 895000000, 896250000, 78125.00, 1024, -25.68, -25.43, -25.85, -25.58, -24.79, -24.99, -25.31, -25.75, -25.07, -25.07, -24.38, -24.91, -25.60, -25.92, -25.66, -25.66, -25.66
2022-08-11, 11:38:44, 896250000, 897500000, 78125.00, 1024, -24.74, -25.02, -25.59, -25.84, -25.91, -25.42, -23.99, -24.53, -25.63, -25.63, -25.62, -25.41, -24.17, -25.61, -25.80, -25.98, -25.98
2022-08-11, 11:38:44, 897500000, 898750000, 78125.00, 1024, -25.43, -25.65, -24.47, -25.82, -25.15, -25.64, -25.53, -25.13, -24.96, -24.96, -25.71, -25.23, -25.82, -25.58, -24.59, -25.65, -25.65
2022-08-11, 11:38:44, 898750000, 900000000, 78125.00, 1024, -25.84, -25.94, -25.72, -25.70, -24.44, -25.20, -25.66, -25.24, -25.57, -25.57, -24.20, -24.85, -25.06, -25.45, -25.49, -24.58, -24.58
2022-08-11, 11:38:46, 890000000, 891250000, 78125.00, 768, -26.99, -26.87, -26.24, -25.54, -26.17, -26.71, -26.39, -26.33, -25.30, -25.30, -26.17, -26.64, -26.48, -26.94, -26.32, -25.73, -25.73
2022-08-11, 11:38:46, 891250000, 892500000, 78125.00, 768, -25.64, -26.32, -26.32, -26.44, -25.97, -24.96, -25.60, -25.15, -22.86, -22.86, -23.43, -25.12, -25.71, -26.48, -26.61, -26.42, -26.42
2022-08-11, 11:38:46, 892500000, 893750000, 78125.00, 768, -25.98, -25.14, -26.26, -25.80, -18.13, -25.69, -25.24, -25.01, -25.87, -25.87, -26.01, -26.34, -25.64, -25.48, -25.91, -26.16, -26.16
2022-08-11, 11:38:46, 893750000, 895000000, 78125.00, 768, -26.36, -25.73, -25.47, -25.53, -26.03, -25.99, -25.84, -25.65, -24.61, -24.61, -25.83, -26.00, -26.39, -25.71, -25.26, -25.07, -25.07
2022-08-11, 11:38:46, 895000000, 896250000, 78125.00, 768, -25.75, -25.82, -25.86, -25.64, -24.77, -25.06, -25.21, -25.01, -25.23, -25.23, -24.02, -25.51, -25.90, -26.01, -25.46, -25.32, -25.32
2022-08-11, 11:38:46, 896250000, 897500000, 78125.00, 768, -24.78, -25.15, -26.11, -25.93, -26.16, -25.30, -24.10, -24.67, -24.84, -24.84, -25.40, -25.73, -24.00, -25.57, -26.16, -25.44, -25.44
2022-08-11, 11:38:46, 897500000, 898750000, 78125.00, 768, -25.90, -25.94, -24.35, -25.72, -25.37, -25.17, -24.98, -24.81, -25.35, -25.35, -25.32, -25.31, -25.20, -25.52, -24.65, -25.40, -25.40
2022-08-11, 11:38:46, 898750000, 900000000, 78125.00, 768, -25.14, -25.64, -26.06, -25.67, -24.52, -25.61, -25.43, -25.20, -25.47, -25.47, -24.39, -25.40, -26.24, -25.40, -25.32, -24.84, -24.84
2022-08-11, 11:38:48, 890000000, 891250000, 78125.00, 1024, -26.90, -26.66, -26.28, -25.66, -25.48, -26.00, -26.27, -26.64, -25.15, -25.15, -26.18, -26.66, -26.83, -26.90, -26.41, -25.69, -25.69
2022-08-11, 11:38:48, 891250000, 892500000, 78125.00, 1024, -26.03, -26.93, -26.53, -26.53, -25.86, -25.30, -25.76, -25.60, -25.74, -25.74, -25.61, -25.28, -26.41, -26.38, -26.74, -26.42, -26.42
2022-08-11, 11:38:48, 892500000, 893750000, 78125.00, 1024, -26.15, -25.77, -25.37, -24.63, -17.76, -25.16, -25.09, -24.90, -25.76, -25.76, -25.81, -25.82, -25.85, -25.17, -26.19, -26.08, -26.08
2022-08-11, 11:38:48, 893750000, 895000000, 78125.00, 1024, -25.95, -26.08, -25.54, -25.25, -26.12, -25.98, -25.97, -25.46, -24.83, -24.83, -25.60, -25.64, -26.08, -25.60, -25.17, -25.28, -25.28
2022-08-11, 11:38:48, 895000000, 896250000, 78125.00, 1024, -26.01, -25.97, -25.99, -25.83, -25.06, -25.01, -25.53, -25.12, -25.19, -25.19, -24.45, -24.83, -25.61, -26.06, -25.57, -25.55, -25.55
2022-08-11, 11:38:48, 896250000, 897500000, 78125.00, 1024, -24.30, -24.80, -25.89, -25.90, -25.41, -25.22, -24.03, -24.85, -25.51, -25.51, -25.21, -25.82, -24.37, -25.77, -25.87, -25.91, -25.91
2022-08-11, 11:38:48, 897500000, 898750000, 78125.00, 1024, -25.57, -25.17, -24.34, -25.47, -25.46, -25.67, -25.28, -24.62, -24.93, -24.93, -25.33, -25.71, -25.59, -25.58, -24.31, -25.70, -25.70
2022-08-11, 11:38:48, 898750000, 900000000, 78125.00, 1024, -25.87, -25.85, -25.69, -25.85, -24.69, -25.45, -25.19, -24.96, -25.18, -25.18, -24.18, -24.96, -25.78, -25.58, -25.45, -24.76, -24.76
2022-08-11, 11:38:50, 890000000, 891250000, 78125.00, 1024, -26.79, -26.40, -26.28, -25.55, -26.55, -26.80, -26.64, -26.28, -25.14, -25.14, -26.16, -26.36, -26.91, -26.84, -25.40, -24.42, -24.42
2022-08-11, 11:38:50, 891250000, 892500000, 78125.00, 1024, -26.34, -26.73, -26.71, -26.60, -26.34, -25.01, -25.72, -25.90, -25.43, -25.43, -25.55, -25.06, -26.15, -26.62, -26.44, -26.75, -26.75
2022-08-11, 11:38:50, 892500000, 893750000, 78125.00, 1024, -25.00, -23.72, -16.52, -14.62, -13.17, -22.88, -24.25, -24.17, -25.66, -25.66, -25.85, -25.85, -25.74, -25.69, -25.94, -26.24, -26.24
2022-08-11, 11:38:50, 893750000, 895000000, 78125.00, 1024, -26.53, -26.27, -25.49, -24.94, -26.07, -25.94, -25.52, -25.48, -24.81, -24.81, -25.88, -25.88, -25.98, -26.11, -25.03, -25.57, -25.57
2022-08-11, 11:38:50, 895000000, 896250000, 78125.00, 1024, -26.01, -25.68, -25.96, -26.14, -24.96, -24.93, -25.21, -25.80, -25.47, -25.47, -24.57, -25.04, -25.79, -25.99, -26.13, -25.53, -25.53
2022-08-11, 11:38:50, 896250000, 897500000, 78125.00, 1024, -24.68, -25.30, -25.48, -25.88, -25.72, -25.88, -24.08, -25.08, -25.08, -25.08, -25.37, -25.39, -24.26, -25.64, -25.95, -25.38, -25.38
2022-08-11, 11:38:50, 897500000, 898750000, 78125.00, 1024, -25.65, -25.97, -24.46, -25.51, -25.41, -25.58, -25.38, -24.81, -25.00, -25.00, -24.95, -25.61, -25.93, -25.73, -24.30, -25.52, -25.52
2022-08-11, 11:38:50, 898750000, 900000000, 78125.00, 1024, -26.06, -25.25, -25.53, -25.65, -24.46, -25.71, -25.43, -25.37, -25.14, -25.14, -24.13, -25.58, -25.58, -25.63, -25.61, -25.06, -25.06
2022-08-11, 11:38:52, 890000000, 891250000, 78125.00, 768, -26.93, -26.97, -26.62, -25.90, -26.30, -27.02, -26.91, -26.65, -25.26, -25.26, -26.31, -26.91, -26.86, -26.82, -26.39, -25.41, -25.41
2022-08-11, 11:38:52, 891250000, 892500000, 78125.00, 768, -26.05, -26.65, -26.76, -26.94, -26.34, -25.35, -26.14, -25.48, -25.53, -25.53, -25.54, -25.67, -26.40, -27.04, -27.08, -26.44, -26.44
2022-08-11, 11:38:52, 892500000, 893750000, 78125.00, 768, -25.79, -25.33, -26.20, -25.53, -18.20, -25.78, -25.39, -24.97, -26.20, -26.20, -26.29, -26.01, -25.96, -25.65, -26.38, -26.44, -26.44
2022-08-11, 11:38:52, 893750000, 895000000, 78125.00, 768, -25.99, -25.53, -25.54, -25.38, -26.06, -26.52, -25.82, -25.51, -24.75, -24.75, -25.64, -25.68, -26.18, -25.77, -25.05, -25.07, -25.07
2022-08-11, 11:38:52, 895000000, 896250000, 78125.00, 768, -25.81, -25.53, -26.37, -25.90, -25.17, -25.05, -25.91, -25.44, -25.43, -25.43, -24.51, -25.01, -26.05, -26.07, -25.99, -25.86, -25.86
2022-08-11, 11:38:52, 896250000, 897500000, 78125.00, 768, -24.52, -24.94, -25.66, -25.64, -25.94, -25.35, -23.84, -24.50, -25.37, -25.37, -25.44, -25.78, -24.13, -25.43, -25.87, -25.64, -25.64
2022-08-11, 11:38:52, 897500000, 898750000, 78125.00, 768, -26.05, -25.72, -24.13, -25.95, -25.65, -25.44, -25.32, -25.06, -25.06, -25.06, -25.57, -25.58, -25.57, -25.41, -24.40, -25.74, -25.74
2022-08-11, 11:38:52, 898750000, 900000000, 78125.00, 768, -24.82, -25.55, -25.79, -25.62, -24.80, -25.32, -25.35, -25.32, -24.98, -24.98, -24.48, -25.50, -25.15, -24.96, -23.35, -18.48, -18.48
2022-08-11, 11:38:54, 890000000, 891250000, 78125.00, 1024, -26.86, -26.33, -26.33, -25.65, -26.02, -26.67, -26.25, -26.52, -25.22, -25.22, -25.67, -25.35, -23.98, -24.14, -25.66, -25.52, -25.52
2022-08-11, 11:38:54, 891250000, 892500000, 78125.00, 1024, -25.89, -26.35, -26.54, -26.28, -25.61, -24.88, -25.24, -24.79, -22.50, -22.50, -23.06, -25.22, -25.76, -26.41, -26.58, -26.40, -26.40
2022-08-11, 11:38:54, 892500000, 893750000, 78125.00, 1024, -25.96, -25.33, -26.33, -25.70, -18.26, -25.77, -25.70, -25.06, -26.17, -26.17, -26.00, -25.92, -25.74, -25.30, -26.61, -26.56, -26.56
2022-08-11, 11:38:54, 893750000, 895000000, 78125.00, 1024, -26.34, -25.91, -25.29, -25.56, -25.80, -25.83, -25.57, -25.72, -24.52, -24.52, -25.91, -26.22, -26.12, -26.25, -25.25, -25.53, -25.53
2022-08-11, 11:38:54, 895000000, 896250000, 78125.00, 1024, -25.61, -26.08, -25.86, -25.51, -25.19, -24.90, -25.55, -24.96, -25.19, -25.19, -24.42, -24.60, -25.67, -26.05, -25.78, -25.85, -25.85
2022-08-11, 11:38:54, 896250000, 897500000, 78125.00, 1024, -24.62, -24.92, -25.52, -25.66, -25.95, -25.43, -24.14, -24.77, -25.29, -25.29, -25.62, -25.96, -24.10, -25.71, -26.29, -26.07, -26.07
2022-08-11, 11:38:54, 897500000, 898750000, 78125.00, 1024, -25.77, -25.73, -24.48, -25.72, -25.49, -25.55, -25.29, -25.03, -24.98, -24.98, -25.63, -25.92, -25.50, -25.64, -24.45, -25.17, -25.17
2022-08-11, 11:38:54, 898750000, 900000000, 78125.00, 1024, -25.34, -25.87, -25.68, -25.87, -24.01, -25.40, -25.28, -25.26, -25.23, -25.23, -24.47, -25.44, -25.46, -25.44, -25.74, -24.90, -24.90
2022-08-11, 11:38:56, 890000000, 891250000, 78125.00, 1024, -27.34, -26.87, -26.17, -25.77, -26.55, -26.73, -26.84, -27.02, -25.37, -25.37, -25.92, -26.44, -26.66, -26.98, -26.63, -25.92, -25.92
2022-08-11, 11:38:56, 891250000, 892500000, 78125.00, 1024, -26.00, -26.34, -26.28, -24.92, -24.01, -24.02, -25.41, -25.52, -24.43, -24.43, -24.95, -25.17, -25.78, -26.13, -25.59, -25.54, -25.54
2022-08-11, 11:38:56, 892500000, 893750000, 78125.00, 1024, -26.04, -25.19, -26.12, -25.49, -17.85, -25.79, -25.42, -24.73, -25.89, -25.89, -26.03, -26.18, -25.82, -25.47, -26.43, -26.33, -26.33
2022-08-11, 11:38:56, 893750000, 895000000, 78125.00, 1024, -26.06, -25.80, -25.40, -25.39, -26.32, -26.04, -25.81, -25.71, -24.70, -24.70, -25.80, -26.20, -25.98, -25.91, -25.28, -25.45, -25.45
2022-08-11, 11:38:56, 895000000, 896250000, 78125.00, 1024, -25.73, -26.15, -26.19, -25.80, -24.85, -24.92, -25.70, -25.66, -25.19, -25.19, -24.23, -25.06, -25.69, -25.75, -25.85, -25.90, -25.90
2022-08-11, 11:38:56, 896250000, 897500000, 78125.00, 1024, -24.29, -25.35, -25.87, -26.07, -25.45, -25.38, -24.11, -24.56, -25.65, -25.65, -25.30, -25.68, -24.24, -25.88, -26.10, -26.10, -26.10
2022-08-11, 11:38:56, 897500000, 898750000, 78125.00, 1024, -25.95, -25.80, -24.42, -25.43, -25.16, -25.60, -25.08, -24.81, -25.15, -25.15, -25.50, -25.31, -25.25, -25.54, -24.51, -25.92, -25.92
2022-08-11, 11:38:56, 898750000, 900000000, 78125.00, 1024, -25.50, -25.47, -25.53, -26.06, -24.81, -25.76, -25.74, -25.34, -25.53, -25.53, -24.78, -25.58, -25.79, -25.87, -25.80, -24.75, -24.75
2022-08-11, 11:38:58, 890000000, 891250000, 78125.00, 768, -26.82, -26.51, -26.03, -25.70, -26.30, -26.72, -26.50, -26.28, -25.30, -25.30, -25.77, -26.37, -26.59, -26.44, -25.59, -24.97, -24.97
2022-08-11, 11:38:58, 891250000, 892500000, 78125.00, 768, -25.96, -26.92, -26.70, -26.44, -26.28, -25.34, -25.98, -25.64, -26.24, -26.24, -26.08, -25.70, -26.38, -26.74, -26.06, -26.60, -26.60
2022-08-11, 11:38:58, 892500000, 893750000, 78125.00, 768, -26.05, -25.59, -26.00, -25.29, -18.00, -25.74, -25.52, -24.86, -25.93, -25.93, -26.34, -26.53, -25.85, -25.27, -26.44, -26.58, -26.58
2022-08-11, 11:38:58, 893750000, 895000000, 78125.00, 768, -25.89, -25.65, -25.46, -25.58, -26.25, -26.13, -25.86, -25.87, -25.09, -25.09, -25.69, -25.94, -26.06, -25.99, -25.02, -25.13, -25.13
2022-08-11, 11:38:58, 895000000, 896250000, 78125.00, 768, -25.96, -26.34, -25.79, -25.56, -25.06, -24.88, -25.13, -24.96, -25.35, -25.35, -24.45, -25.62, -26.13, -25.86, -25.84, -25.64, -25.64
2022-08-11, 11:38:58, 896250000, 897500000, 78125.00, 768, -24.36, -25.03, -26.10, -26.13, -25.62, -25.72, -24.21, -24.77, -25.39, -25.39, -25.58, -25.28, -24.27, -24.90, -25.81, -26.18, -26.18
2022-08-11, 11:38:58, 897500000, 898750000, 78125.00, 768, -26.25, -25.85, -24.35, -25.27, -25.44, -25.66, -25.72, -25.48, -24.79, -24.79, -24.98, -25.47, -25.55, -26.00, -24.21, -25.53, -25.53
2022-08-11, 11:38:58, 898750000, 900000000, 78125.00, 768, -25.89, -25.77, -25.86, -26.35, -24.51, -25.49, -25.68, -25.58, -25.37, -25.37, -24.11, -25.60, -25.47, -25.60, -25.59, -25.25, -25.25
2022-08-11, 11:39:00, 890000000, 891250000, 78125.00, 1024, -26.93, -26.61, -26.14, -25.45, -26.50, -26.69, -26.43, -26.60, -25.10, -25.10, -25.70, -25.37, -23.31, -23.20, -25.33, -24.69, -24.69
2022-08-11, 11:39:00, 891250000, 892500000, 78125.00, 1024, -25.64, -26.60, -27.14, -26.65, -26.09, -25.49, -25.47, -25.61, -25.04, -25.04, -25.14, -25.28, -25.95, -26.61, -26.28, -26.48, -26.48
2022-08-11, 11:39:00, 892500000, 893750000, 78125.00, 1024, -25.84, -25.45, -26.17, -25.71, -18.07, -25.83, -25.26, -24.85, -26.28, -26.28, -26.24, -26.29, -25.82, -25.49, -26.26, -26.45, -26.45
2022-08-11, 11:39:00, 893750000, 895000000, 78125.00, 1024, -26.22, -25.92, -25.74, -25.33, -25.77, -26.28, -26.16, -26.14, -25.07, -25.07, -25.63, -26.12, -26.48, -25.90, -24.84, -25.11, -25.11
2022-08-11, 11:39:00, 895000000, 896250000, 78125.00, 1024, -26.01, -25.80, -25.57, -25.66, -24.82, -24.77, -24.86, -25.22, -25.10, -25.10, -24.44, -24.67, -25.76, -25.91, -26.20, -25.84, -25.84
2022-08-11, 11:39:00, 896250000, 897500000, 78125.00, 1024, -24.81, -25.46, -25.40, -25.82, -25.63, -25.56, -24.21, -24.58, -25.04, -25.04, -25.50, -25.31, -24.04, -25.58, -25.94, -25.69, -25.69
2022-08-11, 11:39:00, 897500000, 898750000, 78125.00, 1024, -25.77, -25.41, -24.42, -25.39, -25.72, -25.37, -25.35, -25.20, -25.12, -25.12, -25.04, -25.59, -25.68, -26.00, -24.48, -25.42, -25.42
2022-08-11, 11:39:00, 898750000, 900000000, 78125.00, 1024, -25.47, -26.05, -26.00, -25.94, -24.52, -26.13, -25.42, -25.34, -25.33, -25.33, -24.49, -25.08, -25.96, -25.50, -24.53, -21.41, -21.41
2022-08-11, 11:39:02, 890000000, 891250000, 78125.00, 1024, -27.04, -26.79, -26.31, -25.97, -26.73, -26.91, -26.77, -26.50, -25.08, -25.08, -26.00, -26.79, -26.76, -26.33, -26.16, -25.47, -25.47
2022-08-11, 11:39:02, 891250000, 892500000, 78125.00, 1024, -25.84, -26.87, -26.57, -26.49, -25.99, -25.30, -25.99, -25.26, -22.95, -22.95, -24.15, -25.41, -26.36, -26.61, -26.68, -26.52, -26.52
2022-08-11, 11:39:02, 892500000, 893750000, 78125.00, 1024, -25.75, -25.68, -26.19, -25.74, -18.08, -25.69, -25.52, -25.16, -25.69, -25.69, -25.96, -26.32, -26.00, -25.65, -26.70, -26.41, -26.41
2022-08-11, 11:39:02, 893750000, 895000000, 78125.00, 1024, -26.01, -26.35, -25.69, -25.58, -25.96, -26.05, -25.51, -25.76, -24.97, -24.97, -25.76, -26.02, -26.02, -25.89, -25.37, -25.09, -25.09
2022-08-11, 11:39:02, 895000000, 896250000, 78125.00, 1024, -26.08, -26.14, -25.98, -26.04, -25.24, -24.90, -25.71, -25.28, -25.44, -25.44, -24.59, -24.96, -25.86, -25.37, -25.67, -25.86, -25.86
2022-08-11, 11:39:02, 896250000, 897500000, 78125.00, 1024, -24.49, -25.47, -25.85, -25.94, -26.04, -25.61, -23.89, -24.76, -25.40, -25.40, -25.27, -25.73, -24.45, -25.84, -25.93, -25.94, -25.94
2022-08-11, 11:39:02, 897500000, 898750000, 78125.00, 1024, -25.74, -25.36, -24.33, -25.62, -25.37, -25.68, -25.40, -25.17, -25.03, -25.03, -25.29, -25.29, -25.50, -25.49, -24.08, -25.60, -25.60
2022-08-11, 11:39:02, 898750000, 900000000, 78125.00, 1024, -25.88, -25.67, -26.03, -25.99, -24.52, -25.86, -25.35, -25.59, -25.24, -25.24, -24.68, -25.74, -25.52, -25.44, -25.88, -25.22, -25.22
2022-08-11, 11:39:04, 890000000, 891250000, 78125.00, 768, -26.65, -26.56, -26.16, -25.67, -25.99, -26.38, -26.29, -26.12, -24.76, -24.76, -25.56, -26.54, -26.46, -26.56, -26.19, -25.95, -25.95
2022-08-11, 11:39:04, 891250000, 892500000, 78125.00, 768, -26.28, -26.89, -26.82, -26.44, -26.23, -25.59, -25.89, -25.35, -23.18, -23.18, -23.68, -25.07, -25.78, -26.32, -26.40, -26.28, -26.28
2022-08-11, 11:39:04, 892500000, 893750000, 78125.00, 768, -25.61, -25.72, -26.21, -25.67, -18.22, -25.79, -25.47, -24.99, -25.86, -25.86, -26.32, -26.01, -25.82, -25.51, -26.56, -26.43, -26.43
2022-08-11, 11:39:04, 893750000, 895000000, 78125.00, 768, -26.34, -25.99, -25.57, -24.98, -25.94, -26.31, -25.56, -25.97, -24.68, -24.68, -25.86, -26.00, -25.69, -25.93, -25.25, -25.80, -25.80
2022-08-11, 11:39:04, 895000000, 896250000, 78125.00, 768, -25.82, -25.66, -26.11, -25.79, -24.76, -24.98, -25.79, -25.66, -25.49, -25.49, -24.66, -25.16, -25.72, -26.13, -26.31, -25.78, -25.78
2022-08-11, 11:39:04, 896250000, 897500000, 78125.00, 768, -24.55, -24.97, -25.26, -25.80, -25.53, -25.57, -23.96, -24.64, -25.19, -25.19, -25.27, -25.77, -24.14, -25.00, -25.85, -25.81, -25.81
2022-08-11, 11:39:04, 897500000, 898750000, 78125.00, 768, -25.63, -25.69, -24.64, -25.41, -25.60, -25.25, -25.14, -25.06, -24.85, -24.85, -25.30, -25.48, -25.52, -25.39, -23.88, -25.45, -25.45
2022-08-11, 11:39:04, 898750000, 900000000, 78125.00, 768, -25.36, -25.30, -26.22, -25.78, -24.89, -25.05, -25.88, -25.86, -25.74, -25.74, -24.65, -26.04, -26.14, -25.69, -25.79, -24.94, -24.94
2022-08-11, 11:39:06, 890000000, 891250000, 78125.00, 1024, -26.92, -27.01, -26.37, -25.78, -26.33, -26.61, -26.92, -26.31, -25.24, -25.24, -26.32, -26.85, -27.22, -26.91, -26.28, -25.29, -25.29
2022-08-11, 11:39:06, 891250000, 892500000, 78125.00, 1024, -26.02, -26.66, -26.92, -26.76, -25.88, -25.15, -25.84, -25.54, -23.22, -23.22, -24.82, -25.08, -25.93, -26.21, -26.51, -26.03, -26.03
2022-08-11, 11:39:06, 892500000, 893750000, 78125.00, 1024, -25.81, -25.37, -24.27, -21.72, -16.97, -25.16, -25.52, -25.15, -25.88, -25.88, -26.18, -26.02, -25.65, -25.32, -26.16, -26.30, -26.30
2022-08-11, 11:39:06, 893750000, 895000000, 78125.00, 1024, -25.58, -26.16, -25.56, -25.55, -26.13, -25.86, -26.29, -25.98, -25.14, -25.14, -25.86, -26.01, -25.97, -25.86, -25.11, -25.13, -25.13
2022-08-11, 11:39:06, 895000000, 896250000, 78125.00, 1024, -25.52, -25.90, -26.20, -25.94, -25.29, -25.20, -25.58, -24.97, -25.18, -25.18, -24.38, -25.14, -25.73, -25.99, -25.71, -25.92, -25.92
2022-08-11, 11:39:06, 896250000, 897500000, 78125.00, 1024, -24.44, -25.34, -25.73, -25.82, -25.92, -25.57, -24.28, -24.37, -25.45, -25.45, -25.54, -25.54, -24.46, -25.69, -26.01, -25.90, -25.90
2022-08-11, 11:39:06, 897500000, 898750000, 78125.00, 1024, -25.61, -25.59, -24.46, -25.76, -25.10, -25.52, -25.51, -24.98, -24.79, -24.79, -25.12, -25.58, -25.65, -25.63, -24.32, -25.53, -25.53
2022-08-11, 11:39:06, 898750000, 900000000, 78125.00, 1024, -25.37, -25.96, -25.94, -26.07, -24.81, -25.80, -25.67, -25.18, -25.68, -25.68, -24.25, -25.50, -25.78, -25.88, -25.86, -25.16, -25.16
2022-08-11, 11:39:08, 890000000, 891250000, 78125.00, 1024, -26.92, -27.07, -26.19, -25.89, -26.44, -26.60, -26.56, -26.28, -25.20, -25.20, -26.22, -26.31, -26.71, -27.02, -26.26, -25.72, -25.72
2022-08-11, 11:39:08, 891250000, 892500000, 78125.00, 1024, -26.02, -26.56, -26.90, -26.77, -25.71, -25.23, -25.76, -25.72, -24.38, -24.38, -25.46, -25.78, -26.58, -26.87, -27.06, -26.72, -26.72
2022-08-11, 11:39:08, 892500000, 893750000, 78125.00, 1024, -25.73, -25.25, -26.30, -26.00, -18.09, -25.69, -25.52, -24.91, -25.71, -25.71, -25.85, -25.86, -25.65, -25.45, -26.32, -26.05, -26.05
2022-08-11, 11:39:08, 893750000, 895000000, 78125.00, 1024, -26.07, -25.98, -25.66, -25.43, -26.04, -26.20, -25.97, -25.83, -24.61, -24.61, -25.87, -26.24, -26.36, -25.84, -25.10, -25.66, -25.66
2022-08-11, 11:39:08, 895000000, 896250000, 78125.00, 1024, -25.71, -25.75, -26.04, -26.13, -25.04, -24.98, -25.65, -25.16, -25.25, -25.25, -24.63, -24.94, -25.97, -25.96, -25.98, -26.00, -26.00
2022-08-11, 11:39:08, 896250000, 897500000, 78125.00, 1024, -24.61, -25.08, -25.68, -25.96, -25.94, -25.22, -23.88, -24.31, -25.60, -25.60, -25.46, -25.18, -24.45, -25.88, -26.41, -26.09, -26.09
2022-08-11, 11:39:08, 897500000, 898750000, 78125.00, 1024, -26.07, -25.91, -24.25, -25.70, -25.49, -25.88, -25.40, -25.56, -25.03, -25.03, -25.80, -25.96, -25.85, -25.73, -24.22, -25.82, -25.82
2022-08-11, 11:39:08, 898750000, 900000000, 78125.00, 1024, -25.76, -26.22, -26.10, -26.01, -24.60, -25.68, -25.56, -25.54, -25.25, -25.25, -24.60, -25.09, -25.76, -25.54, -25.10, -24.91, -24.91
2022-08-11, 11:39:10, 890000000, 891250000, 78125.00, 768, -27.18, -26.61, -26.40, -25.92, -26.60, -26.85, -26.57, -26.86, -25.54, -25.54, -26.62, -26.81, -26.88, -27.07, -26.38, -25.44, -25.44
2022-08-11, 11:39:10, 891250000, 892500000, 78125.00, 768, -26.27, -26.49, -26.82, -26.56, -25.95, -25.10, -25.89, -25.54, -24.40, -24.40, -24.69, -25.15, -26.29, -26.86, -26.37, -26.70, -26.70
2022-08-11, 11:39:10, 892500000, 893750000, 78125.00, 768, -26.13, -25.29, -26.30, -25.96, -18.05, -25.31, -25.20, -24.86, -25.59, -25.59, -26.04, -26.16, -25.40, -25.41, -26.30, -26.48, -26.48
2022-08-11, 11:39:10, 893750000, 895000000, 78125.00, 768, -26.01, -26.07, -25.62, -25.06, -26.24, -26.20, -25.72, -25.45, -25.32, -25.32, -26.17, -26.17, -26.35, -25.92, -25.39, -25.20, -25.20
2022-08-11, 11:39:10, 895000000, 896250000, 78125.00, 768, -26.11, -26.09, -26.25, -25.98, -24.88, -24.85, -25.47, -25.83, -25.46, -25.46, -24.44, -24.97, -26.01, -25.61, -26.29, -25.52, -25.52
2022-08-11, 11:39:10, 896250000, 897500000, 78125.00, 768, -24.64, -25.29, -25.34, -25.39, -25.77, -25.88, -23.86, -24.45, -25.40, -25.40, -25.44, -25.29, -24.31, -25.72, -25.51, -25.92, -25.92
2022-08-11, 11:39:10, 897500000, 898750000, 78125.00, 768, -26.11, -25.87, -24.16, -25.99, -25.08, -25.63, -25.09, -25.36, -25.28, -25.28, -25.41, -25.79, -25.77, -25.84, -24.84, -26.05, -26.05
2022-08-11, 11:39:10, 898750000, 900000000, 78125.00, 768, -25.96, -26.04, -26.12, -25.92, -24.24, -25.70, -25.69, -25.80, -25.59, -25.59, -24.33, -25.61, -25.95, -26.24, -25.49, -24.48, -24.48
2022-08-11, 11:39:12, 890000000, 891250000, 78125.00, 1024, -27.07, -26.72, -26.13, -25.84, -26.19, -26.80, -26.59, -26.64, -25.31, -25.31, -26.13, -26.38, -26.49, -26.81, -26.12, -25.53, -25.53
2022-08-11, 11:39:12, 891250000, 892500000, 78125.00, 1024, -25.74, -26.29, -26.22, -26.35, -25.81, -24.94, -25.25, -25.22, -25.54, -25.54, -25.36, -25.17, -25.84, -26.21, -26.31, -25.99, -25.99
2022-08-11, 11:39:12, 892500000, 893750000, 78125.00, 1024, -25.06, -23.83, -18.99, -16.92, -14.22, -23.66, -24.86, -24.66, -25.48, -25.48, -26.24, -25.95, -25.62, -25.60, -26.12, -26.00, -26.00
2022-08-11, 11:39:12, 893750000, 895000000, 78125.00, 1024, -25.90, -25.64, -25.37, -25.51, -25.87, -25.93, -25.58, -25.57, -24.93, -24.93, -25.97, -26.00, -25.89, -25.79, -25.25, -25.08, -25.08
2022-08-11, 11:39:12, 895000000, 896250000, 78125.00, 1024, -25.79, -26.03, -26.13, -25.90, -24.93, -25.35, -25.55, -25.78, -25.27, -25.27, -24.71, -25.02, -25.52, -25.50, -25.94, -25.33, -25.33
2022-08-11, 11:39:12, 896250000, 897500000, 78125.00, 1024, -24.40, -25.04, -25.86, -25.92, -25.53, -25.45, -24.24, -24.74, -25.31, -25.31, -25.11, -25.30, -24.52, -25.50, -25.74, -25.93, -25.93
2022-08-11, 11:39:12, 897500000, 898750000, 78125.00, 1024, -26.08, -25.89, -24.50, -25.43, -25.34, -25.51, -25.45, -25.16, -25.25, -25.25, -25.34, -25.80, -25.65, -25.99, -24.23, -25.93, -25.93
2022-08-11, 11:39:12, 898750000, 900000000, 78125.00, 1024, -25.34, -25.92, -26.05, -26.22, -24.73, -25.81, -25.68, -24.94, -25.16, -25.16, -24.33, -25.15, -25.98, -25.96, -25.62, -24.56, -24.56
2022-08-11, 11:39:14, 890000000, 891250000, 78125.00, 1024, -26.86, -26.79, -26.35, -25.76, -26.27, -26.74, -27.09, -26.75, -25.58, -25.58, -26.42, -26.93, -27.18, -26.93, -26.27, -25.65, -25.65
2022-08-11, 11:39:14, 891250000, 892500000, 78125.00, 1024, -26.11, -26.30, -26.87, -26.74, -25.98, -25.08, -25.68, -25.25, -23.75, -23.75, -24.50, -25.55, -26.37, -26.59, -26.53, -26.29, -26.29
2022-08-11, 11:39:14, 892500000, 893750000, 78125.00, 1024, -26.07, -25.37, -26.28, -25.63, -18.07, -25.69, -25.33, -25.10, -26.12, -26.12, -25.70, -26.28, -25.73, -25.65, -26.42, -25.99, -25.99
2022-08-11, 11:39:14, 893750000, 895000000, 78125.00, 1024, -26.03, -26.31, -25.65, -25.20, -25.97, -25.87, -25.76, -25.88, -25.03, -25.03, -25.83, -25.85, -25.98, -25.78, -25.31, -25.42, -25.42
2022-08-11, 11:39:14, 895000000, 896250000, 78125.00, 1024, -25.63, -26.17, -26.25, -26.09, -24.76, -25.05, -25.45, -25.74, -25.24, -25.24, -24.00, -24.73, -25.92, -25.72, -26.00, -25.79, -25.79
2022-08-11, 11:39:14, 896250000, 897500000, 78125.00, 1024, -24.40, -25.34, -25.74, -26.11, -26.02, -25.28, -23.67, -24.87, -25.36, -25.36, -25.71, -25.54, -24.13, -25.47, -25.86, -25.69, -25.69
2022-08-11, 11:39:14, 897500000, 898750000, 78125.00, 1024, -25.93, -25.73, -24.58, -25.85, -25.32, -25.59, -25.62, -25.43, -24.87, -24.87, -25.26, -25.56, -26.11, -26.06, -24.41, -25.35, -25.35
2022-08-11, 11:39:14, 898750000, 900000000, 78125.00, 1024, -25.73, -25.67, -25.58, -25.76, -24.59, -25.81, -25.48, -25.48, -25.76, -25.76, -24.61, -25.83, -25.98, -25.84, -25.50, -24.67, -24.67
2022-08-11, 11:39:16, 890000000, 891250000, 78125.00, 768, -26.92, -26.60, -26.61, -26.06, -26.08, -26.95, -26.88, -26.72, -25.35, -25.35, -26.19, -26.91, -26.66, -26.43, -26.40, -25.68, -25.68
2022-08-11, 11:39:16, 891250000, 892500000, 78125.00, 768, -25.89, -26.53, -26.62, -26.61, -25.68, -25.31, -25.57, -25.46, -25.28, -25.28, -25.69, -25.49, -26.45, -26.28, -26.82, -26.30, -26.30
2022-08-11, 11:39:16, 892500000, 893750000, 78125.00, 768, -25.79, -25.51, -26.25, -25.64, -17.87, -25.71, -25.13, -24.81, -25.81, -25.81, -26.12, -26.42, -25.59, -25.52, -26.43, -26.25, -26.25
2022-08-11, 11:39:16, 893750000, 895000000, 78125.00, 768, -26.25, -25.83, -25.40, -25.22, -25.72, -25.95, -25.84, -25.54, -24.78, -24.78, -25.84, -26.27, -26.10, -26.10, -25.07, -25.45, -25.45
2022-08-11, 11:39:16, 895000000, 896250000, 78125.00, 768, -25.82, -26.03, -26.22, -25.94, -25.01, -25.03, -25.05, -25.46, -25.07, -25.07, -24.09, -24.72, -25.79, -25.66, -25.86, -25.56, -25.56
2022-08-11, 11:39:16, 896250000, 897500000, 78125.00, 768, -24.52, -25.25, -25.91, -25.90, -25.90, -25.64, -24.24, -24.85, -25.41, -25.41, -25.31, -25.34, -24.36, -25.21, -26.13, -25.97, -25.97
2022-08-11, 11:39:16, 897500000, 898750000, 78125.00, 768, -25.64, -26.10, -24.48, -25.27, -25.56, -25.59, -25.07, -25.46, -25.14, -25.14, -25.81, -25.82, -25.38, -25.54, -24.59, -25.66, -25.66
2022-08-11, 11:39:16, 898750000, 900000000, 78125.00, 768, -25.23, -25.51, -25.69, -25.96, -24.80, -25.88, -25.81, -25.58, -25.59, -25.59, -24.34, -25.27, -25.74, -26.12, -25.71, -24.85, -24.85
2022-08-11, 11:39:18, 890000000, 891250000, 78125.00, 1024, -27.21, -27.16, -26.04, -25.88, -26.59, -27.21, -26.93, -26.73, -25.66, -25.66, -26.19, -26.53, -26.39, -26.20, -26.45, -25.56, -25.56
2022-08-11, 11:39:18, 891250000, 892500000, 78125.00, 1024, -25.97, -26.15, -26.62, -26.73, -25.89, -24.85, -25.72, -25.72, -25.59, -25.59, -25.27, -25.31, -26.49, -26.89, -26.87, -26.55, -26.55
2022-08-11, 11:39:18, 892500000, 893750000, 78125.00, 1024, -25.67, -25.35, -26.11, -25.70, -17.99, -26.01, -25.87, -25.02, -26.24, -26.24, -25.94, -26.12, -25.46, -25.69, -26.31, -26.44, -26.44
2022-08-11, 11:39:18, 893750000, 895000000, 78125.00, 1024, -25.95, -25.93, -25.91, -25.47, -26.24, -25.81, -25.64, -25.50, -24.89, -24.89, -25.77, -25.83, -26.30, -26.24, -25.23, -25.33, -25.33
2022-08-11, 11:39:18, 895000000, 896250000, 78125.00, 1024, -26.02, -26.19, -26.10, -26.05, -25.20, -25.01, -25.61, -25.62, -24.83, -24.83, -24.46, -24.80, -25.65, -25.49, -25.89, -25.70, -25.70
2022-08-11, 11:39:18, 896250000, 897500000, 78125.00, 1024, -24.44, -24.99, -25.79, -25.65, -25.53, -25.44, -24.13, -24.62, -25.37, -25.37, -25.40, -25.34, -24.53, -25.12, -25.77, -25.70, -25.70
2022-08-11, 11:39:18, 897500000, 898750000, 78125.00, 1024, -26.00, -25.70, -24.31, -26.15, -25.50, -25.25, -25.06, -24.99, -25.06, -25.06, -25.45, -25.47, -25.84, -25.83, -24.54, -25.73, -25.73
2022-08-11, 11:39:18, 898750000, 900000000, 78125.00, 1024, -25.42, -25.99, -25.97, -25.64, -24.64, -25.58, -25.48, -25.27, -25.42, -25.42, -24.32, -25.21, -24.94, -25.53, -25.18, -22.82, -22.82
